179,52;90,01;;3,131626667;;-90,0055301;0,897023634
176,39;96,00;;3,077025556;;-95,79996182;6,194135518
188,40;91,25;;3,286533333;;-90,29319589;-13,17957802
179,92;98,41;;3,138604444;;-98,40956063;0,294069224
176,62;100,00;;3,081037778;;-99,81671137;6,051787456
194,37;100,00;;3,390676667;;-96,9138634;-24,65163445
191,93;91,62;;3,348112222;;-89,67312264;-18,78710929
180,02;99,22;;3,140348889;;-99,21992326;0,123406302
180,17;100,00;;3,142965556;;-99,99990576;-0,137290153
193,67;100,00;;3,378465556;;-97,20765438;-23,46640001
180,05;92,75;;3,140872222;;-92,74997593;0,066820004
185,87;95,84;;3,242398889;;-95,35345412;-9,644915098
187,57;97,76;;3,272054444;;-96,9292281;-12,71779617
177,56;90,73;;3,097435556;;-90,64155946;4,005071661
178,91;100,00;;3,120985556;;-99,97876813;2,060563959
177,34;89,32;;3,093597778;;-89,21714507;4,285256678
182,05;100,00;;3,175761111;;-99,9416315;-3,416180939
186,24;87,60;;3,248853333;;-87,09657036;-9,378029238
187,58;93,82;;3,272228889;;-93,02057997;-12,22146071
181,89;93,43;;3,17297;;-93,38401109;-2,931104456
179,94;100,00;;3,138953333;;-99,9996517;0,263931719
194,63;96,26;;3,395212222;;-93,18069853;-24,15253653
179,64;100,00;;3,13372;;-99,99690108;0,787257227
183,09;87,53;;3,193903333;;-87,41026844;-4,576665861
190,47;100,00;;3,322643333;;-98,3655047;-18,00631791
178,93;88,23;;3,121334444;;-88,21189604;1,78725954
190,69;100,00;;3,326481111;;-98,29567624;-18,38368932
187,96;100,00;;3,278857778;;-99,05939256;-13,68344784
187,73;100,00;;3,274845556;;-99,11349613;-13,28589047
190,04;96,90;;3,315142222;;-95,44437158;-16,73266067
177,57;93,71;;3,09761;;-93,61937484;4,120285737
190,09;87,96;;3,316014444;;-86,6253869;-15,26446675
178,03;89,78;;3,105634444;;-89,72196381;3,227632361
195,50;87,51;;3,410388889;;-84,3676279;-23,24012611
190,64;92,34;;3,325608889;;-90,78099932;-16,89632395
193,79;90,43;;3,380558889;;-87,86026736;-21,40463312
176,39;93,81;;3,077025556;;-93,61452519;6,052831802
194,76;100,00;;3,39748;;-96,74390857;-25,31039618
194,68;87,58;;3,396084444;;-84,75916767;-22,04858035
176,52;89,95;;3,079293333;;-89,77549924;5,600199629
180,39;100,00;;3,146803333;;-99,99864244;-0,521065616
190,33;89,85;;3,320201111;;-88,42065429;-15,96278157
186,95;100,00;;3,261238889;;-99,28509237;-11,93609792
183,98;100,00;;3,209428889;;-99,77000048;-6,778421965
194,94;90,65;;3,40062;;-87,62587714;-23,2191334
176,49;97,67;;3,07877;;-97,47732698;6,131853302
188,76;91,59;;3,292813333;;-90,54476807;-13,79757497
195,19;87,86;;3,404981111;;-84,83000077;-22,87467091
181,85;89,78;;3,172272222;;-89,73775123;-2,7539796
195,21;94,76;;3,40533;;-91,48342967;-24,70303009
193,04;100,00;;3,367475556;;-97,45967461;-22,39669227
190,81;100,00;;3,328574444;;-98,25697771;-18,58941451
187,19;97,24;;3,265425556;;-96,49538461;-12,01075971
181,79;100,00;;3,171225556;;-99,95609777;-2,962856534
190,03;100,00;;3,314967778;;-98,50081429;-17,25078501
180,29;95,26;;3,145058889;;-95,25942774;-0,330192913
181,68;100,00;;3,169306667;;-99,96159913;-2,771046551
187,79;93,73;;3,275892222;;-92,88599504;-12,55009267
193,56;100,00;;3,376546667;;-97,2525048;-23,27982623
186,13;92,47;;3,246934444;;-91,95740943;-9,72294967
187,98;100,00;;3,279206667;;-99,05461253;-13,71800773
177,07;100,00;;3,088887778;;-99,86114195;5,268047857
177,27;100,00;;3,092376667;;-99,87891378;4,919612073
195,25;91,62;;3,406027778;;-88,43531565;-23,946176
176,04;97,38;;3,07092;;-97,13691296;6,876375518
191,23;95,21;;3,335901111;;-93,41828421;-18,38391348
194,28;100,00;;3,389106667;;-96,95244701;-24,49944936
188,28;92,70;;3,28444;;-91,75581853;-13,19696047
195,80;95,39;;3,415622222;;-91,83083332;-25,81375896
193,70;89,51;;3,378988889;;-86,99956702;-21,0503073
186,67;100,00;;3,256354444;;-99,34220898;-11,45100494
188,93;90,16;;3,295778889;;-89,09041684;-13,84641571
185,71;100,00;;3,239607778;;-99,52003621;-9,785826158
178,13;100,00;;3,107378889;;-99,94147662;3,420709009
191,91;87,61;;3,347763333;;-85,75459557;-17,93492231
185,48;96,54;;3,235595556;;-96,11377395;-9,061680725
178,37;100,00;;3,111565556;;-99,95492206;3,002258603
183,23;100,00;;3,196345556;;-99,85014343;-5,472554896
177,51;98,96;;3,096563333;;-98,85968934;4,454595791
183,55;97,54;;3,201927778;;-97,36251509;-5,881518055
188,20;88,44;;3,283044444;;-87,55669359;-12,46832016
176,93;92,40;;3,086445556;;-92,25953205;5,093009463
179,30;97,22;;3,127788889;;-97,21073781;1,341959386
190,36;100,00;;3,320724444;;-98,39987571;-17,8175324
181,80;96,92;;3,1714;;-96,87694755;-2,888500242
188,79;100,00;;3,293336667;;-98,85089523;-15,1162334
188,62;89,65;;3,290371111;;-88,65962616;-13,28883702
190,06;99,38;;3,315491111;;-97,8811239;-17,19505695
176,07;97,96;;3,071443333;;-97,71907181;6,866192839
194,36;100,00;;3,390502222;;-96,91816227;-24,63472799
180,41;100,00;;3,147152222;;-99,99845456;-0,555953999
182,32;95,41;;3,180471111;;-95,33790133;-3,708459223
187,17;99,55;;3,265076667;;-98,79197974;-12,26161651
191,48;91,13;;3,340262222;;-89,3374753;-17,98589469
175,96;100,00;;3,069524444;;-99,74042104;7,200584038
185,68;90,23;;3,239084444;;-89,80153727;-8,78275601
194,90;100,00;;3,399922222;;-96,68180651;-25,54659058
192,85;90,29;;3,364161111;;-88,06288135;-19,93020393
177,70;88,46;;3,099877778;;-88,38304517;3,689027799
195,70;94,08;;3,413877778;;-90,61398613;-25,30122365
177,45;94,62;;3,095516667;;-94,5195788;4,358167438
191,10;100,00;;3,333633333;;-98,16167901;-19,08624565
192,35;100,00;;3,355438889;;-97,72218966;-21,22200857
182,80;88,91;;3,188844444;;-88,81076238;-4,199593557
184,20;100,00;;3,213266667;;-99,74325173;-7,161266198
191,35;93,49;;3,337994444;;-91,69266275;-18,24378517
182,55;100,00;;3,184483333;;-99,90803358;-4,28775306
181,02;100,00;;3,157793333;;-99,98687719;-1,619997108
186,35;94,06;;3,250772222;;-93,49995067;-10,24904014
188,90;100,00;;3,295255556;;-98,82170688;-15,30588934
176,75;100,00;;3,083305556;;-99,8301788;5,825409968
181,78;88,29;;3,171051111;;-88,25169371;-2,600511056
187,91;100,00;;3,277985556;;-99,07128989;-13,59704084
178,94;100,00;;3,121508889;;-99,9798328;2,008241457
192,49;96,08;;3,357881111;;-93,8414027;-20,61934865
177,01;100,00;;3,087841111;;-99,85557336;5,37256628
181,37;100,00;;3,163898889;;-99,97512262;-2,230438553
186,11;96,35;;3,246585556;;-95,8194301;-10,09749059
191,95;100,00;;3,348461111;;-97,86789191;-20,53961374
191,34;90,60;;3,33782;;-88,86130555;-17,66432495
190,81;88,16;;3,328574444;;-86,62335155;-16,38842783
180,43;100,00;;3,147501111;;-99,99825451;-0,590842314
182,35;99,57;;3,180994444;;-99,49271873;-3,922221256
176,20;100,00;;3,073711111;;-99,76969327;6,782942255
179,80;98,90;;3,136511111;;-98,8987231;0,502562388
176,16;98,18;;3,073013333;;-97,94921416;6,727841123
176,59;100,00;;3,080514444;;-99,8135306;6,104024037
184,11;98,63;;3,211696667;;-98,38773709;-6,908696682
190,85;92,68;;3,329272222;;-91,05252299;-17,292208
189,79;100,00;;3,310781111;;-98,5721741;-16,83824495
189,09;88,61;;3,29857;;-87,52048126;-13,85270588
177,23;100,00;;3,091678889;;-99,87545666;4,989304156
187,72;100,00;;3,274671111;;-99,11581227;-13,26860047
182,68;100,00;;3,186751111;;-99,89805301;-4,514311058
187,37;90,79;;3,268565556;;-90,0591192;-11,49691912
192,83;88,39;;3,363812222;;-86,21654914;-19,48072776
195,94;100,00;;3,418064444;;-96,20244951;-27,29631309
193,27;95,62;;3,371487778;;-93,10426639;-21,78944653
177,77;89,29;;3,101098889;;-89,21680359;3,614700197
189,21;87,84;;3,300663333;;-86,73101251;-13,9139164
182,56;92,50;;3,184657778;;-92,41423778;-3,982292791
182,11;100,00;;3,176807778;;-99,93800116;-3,520784623
187,17;87,58;;3,265076667;;-86,91312492;-10,78726644
185,23;94,42;;3,231234444;;-94,0408909;-8,452646851
194,46;100,00;;3,392246667;;-96,87504091;-24,80375877
184,85;100,00;;3,224605556;;-99,65564073;-8,291759253
178,33;87,89;;3,110867778;;-87,84851839;2,699984483
185,36;99,43;;3,233502222;;-99,01033461;-9,125707699
183,91;90,50;;3,208207778;;-90,29927399;-6,02421095
182,87;96,49;;3,190065556;;-96,37666467;-4,675318936
176,12;97,75;;3,072315556;;-97,51552721;6,766420935
181,36;95,51;;3,163724444;;-95,48660978;-2,113634786
190,57;100,00;;3,324387778;;-98,33394403;-18,17788358
182,28;98,54;;3,179773333;;-98,46818468;-3,761410152
189,27;92,30;;3,30171;;-91,11935204;-14,7157631
193,28;100,00;;3,371662222;;-97,36505326;-22,80452596
194,63;90,71;;3,395212222;;-87,80823981;-22,75998949
183,98;90,53;;3,209428889;;-90,32178143;-6,136505405
186,43;98,29;;3,252167778;;-97,68972306;-10,8462947
193,86;96,10;;3,38178;;-93,34129815;-22,86070996
179,31;100,00;;3,127963333;;-99,99071223;1,36288983
177,77;97,60;;3,101098889;;-97,51999138;3,951111426
179,74;99,70;;3,135464444;;-99,69812789;0,610978628
193,26;100,00;;3,371313333;;-97,37300358;-22,77055499
195,39;100,00;;3,40847;;-96,4599106;-26,37206185
193,15;98,91;;3,369394444;;-96,35467839;-22,33750326
188,67;90,23;;3,291243333;;-89,22151908;-13,45263663
186,40;94,07;;3,251644444;;-93,50091517;-10,33168727
185,01;92,98;;3,227396667;;-92,63793528;-7,968271226
185,43;94,33;;3,234723333;;-93,92121828;-8,772323311
177,86;99,18;;3,102668889;;-99,10487769;3,859484253
181,94;100,00;;3,173842222;;-99,94800277;-3,224397881
179,04;97,17;;3,123253333;;-97,15365983;1,781931859
185,64;90,80;;3,238386667;;-90,37497572;-8,775178835
177,01;100,00;;3,087841111;;-99,85557336;5,37256628
181,07;100,00;;3,158665556;;-99,98542615;-1,707207256
193,55;98,79;;3,376372222;;-96,07975993;-22,9813801
180,66;99,67;;3,151513333;;-99,66509529;-0,988777931
178,08;93,56;;3,106506667;;-93,50241849;3,281971474
180,86;93,24;;3,155002222;;-93,23161708;-1,250270709
188,91;100,00;;3,29543;;-98,81903535;-15,32312801
189,01;100,00;;3,297174444;;-98,79215466;-15,49548892
177,25;89,84;;3,092027778;;-89,72966866;4,451085441
178,45;95,90;;3,112961111;;-95,86069494;2,745389792
180,32;92,25;;3,145582222;;-92,24926585;-0,36803673
195,01;98,26;;3,401841111;;-94,9512001;-25,28432715
181,35;93,92;;3,16355;;-93,89736032;-2,06206827
189,70;100,00;;3,309211111;;-98,59848865;-16,68346595
180,04;88,37;;3,140697778;;-88,36996462;0,079080165
189,91;99,79;;3,312874444;;-98,329783;-17,00875877
179,31;100,00;;3,127963333;;-99,99071223;1,36288983
177,30;100,00;;3,0929;;-99,8814747;4,867341436
188,58;89,18;;3,289673333;;-88,20402087;-13,15762523
193,35;95,59;;3,372883333;;-93,04456621;-21,91248043
177,61;100,00;;3,098307778;;-99,9063356;4,32713608
179,96;92,83;;3,139302222;;-92,8297565;0,212620558
176,73;88,28;;3,082956667;;-88,12828226;5,173419212
194,49;100,00;;3,39277;;-96,86204701;-24,85445331
183,10;91,31;;3,194077778;;-91,18426358;-4,790216724
188,32;96,70;;3,285137778;;-95,70544796;-13,8331931
181,06;100,00;;3,158491111;;-99,98572245;-1,689765328
195,68;100,00;;3,413528889;;-96,32526353;-26,85970228
182,29;100,00;;3,179947778;;-99,92645324;-3,834572074
189,15;100,00;;3,299616667;;-98,75401665;-15,73671487
184,17;100,00;;3,212743333;;-99,7469858;-7,109066251
185,43;92,38;;3,234723333;;-91,97966866;-8,590980891
187,42;95,72;;3,269437778;;-94,93882303;-12,20402725
191,81;94,60;;3,346018889;;-92,63020314;-19,20430855
187,87;96,54;;3,277287778;;-95,65255941;-13,05984218
181,19;97,29;;3,160758889;;-97,27213107;-1,864568871
185,58;100,00;;3,23734;;-99,54197236;-9,560111862
179,98;100,00;;3,139651111;;-99,99981152;0,194154126
183,07;98,79;;3,193554444;;-98,65666214;-5,130995619
195,89;98,12;;3,417192222;;-94,4171684;-26,70079982
193,26;90,81;;3,371313333;;-88,42442455;-20,67794099
184,16;90,57;;3,212568889;;-90,34196686;-6,422921747
188,85;92,84;;3,294383333;;-91,75843204;-14,12995931
182,41;88,64;;3,182041111;;-88,56749892;-3,584373702
190,69;100,00;;3,326481111;;-98,29567624;-18,38368932
188,34;97,86;;3,285486667;;-96,84862741;-14,03292446
180,82;93,24;;3,154304444;;-93,23246679;-1,185215459
177,81;98,45;;3,101796667;;-98,37205164;3,916880847
184,95;90,62;;3,22635;;-90,29469648;-7,671517909
192,52;93,14;;3,358404444;;-90,9594296;-20,03601173
194,93;94,37;;3,400445556;;-91,22599162;-24,15606244
191,82;89,78;;3,346193333;;-87,90738626;-18,24115787
183,52;100,00;;3,201404444;;-99,8211808;-5,977613495
179,51;100,00;;3,131452222;;-99,99485863;1,014025758
178,31;93,86;;3,110518889;;-93,81468903;2,916114212
195,70;91,59;;3,413877778;;-88,21572055;-24,6315803
189,56;100,00;;3,306768889;;-98,6389393;-16,44261702
188,24;93,98;;3,283742222;;-93,03209434;-13,31427139
187,87;93,40;;3,277287778;;-92,54142375;-12,63506588
177,66;90,90;;3,09918;;-90,81825529;3,854154472
178,14;90,12;;3,107553333;;-90,06779513;3,067031179
183,64;100,00;;3,203497778;;-99,80844896;-6,18655925
179,99;97,99;;3,139825556;;-97,98984701;0,173157846
184,51;100,00;;3,218674444;;-99,70306694;-7,700548197
180,42;98,30;;3,147326667;;-98,29838401;-0,563650397
179,40;100,00;;3,129533333;;-99,99272873;1,205902797
186,86;100,00;;3,259668889;;-99,30370967;-11,78020567
178,84;98,77;;3,119764444;;-98,74647043;2,155801012
177,70;98,79;;3,099877778;;-98,7040587;4,119817502
177,30;99,90;;3,0929;;-99,78159322;4,862474095
177,67;96,96;;3,099354444;;-96,87352132;4,094199118
189,38;94,57;;3,303628889;;-93,33121127;-15,2567986
183,70;93,95;;3,204544444;;-93,76390293;-5,910415187
178,60;91,15;;3,115577778;;-91,11915778;2,370988472
195,60;100,00;;3,412133333;;-96,36265392;-26,72524891
188,31;91,40;;3,284963333;;-90,46223754;-13,05923352
191,27;100,00;;3,336598889;;-98,10464613;-19,37726521
182,09;100,00;;3,176458889;;-99,93922344;-3,485917151
180,74;93,09;;3,152908889;;-93,08403964;-1,053405861
186,08;98,34;;3,246062222;;-97,80385188;-10,2548602
190,66;93,46;;3,325957778;;-91,87611803;-17,13331656
185,26;94,08;;3,231757778;;-93,69783559;-8,471245803
188,04;91,97;;3,280253333;;-91,08727203;-12,71179666
186,52;97,64;;3,253737778;;-97,02665707;-10,9269125
189,24;92,53;;3,301186667;;-91,35411795;-14,70462629
194,82;99,74;;3,398526667;;-96,46589889;-25,34557065
192,15;100,00;;3,35195;;-97,79563599;-20,88093824
191,13;100,00;;3,334156667;;-98,1516771;-19,13761431
184,79;92,87;;3,223558889;;-92,55820276;-7,603683415
189,07;100,00;;3,298221111;;-98,77588194;-15,59888287
189,34;100,00;;3,302931111;;-98,70131585;-16,06394253
189,92;99,09;;3,313048889;;-97,63707828;-16,9064794
185,09;91,83;;3,228792222;;-91,48109431;-7,997392341
177,10;100,00;;3,089411111;;-99,86388522;5,215786473
195,75;90,84;;3,41475;;-87,47200984;-24,50618484
194,08;100,00;;3,385617778;;-97,03733262;-24,16104463
188,90;95,05;;3,295255556;;-93,93003239;-14,54824782
192,87;100,00;;3,36451;;-97,52566459;-22,10757213
193,44;87,99;;3,374453333;;-85,61517112;-20,30474263
190,56;94,07;;3,324213333;;-92,50572273;-17,08379823
193,72;100,00;;3,379337778;;-97,18714949;-23,55117775
193,12;93,59;;3,368871111;;-91,18316833;-21,08833597
182,92;91,74;;3,190937778;;-91,6283319;-4,525084785
193,41;100,00;;3,37393;;-97,31308734;-23,02526944
190,16;92,76;;3,317235556;;-91,33283183;-16,20899225
194,46;95,98;;3,392246667;;-92,98066426;-23,80664767
184,13;100,00;;3,212045556;;-99,75192207;-7,039463296
179,93;100,00;;3,138778889;;-99,99960414;0,281376099
195,34;99,45;;3,407597778;;-95,95222039;-26,1433338
176,10;93,92;;3,071966667;;-93,69244029;6,533990482
180,28;100,00;;3,144884444;;-99,99945821;-0,329178491
183,16;96,65;;3,195124444;;-96,5115504;-5,171376865
193,64;89,07;;3,377942222;;-86,59378437;-20,85620793
176,77;87,67;;3,083654444;;-87,52289425;5,076601463
184,95;87,44;;3,22635;;-87,1261119;-7,402312139
189,15;100,00;;3,299616667;;-98,75401665;-15,73671487
178,63;92,08;;3,116101111;;-92,05008397;2,347007024
188,53;93,18;;3,288801111;;-92,17220124;-13,66739616
188,49;91,60;;3,288103333;;-90,61864295;-13,37241752
194,44;100,00;;3,391897778;;-96,88368877;-24,76995863
190,50;100,00;;3,323166667;;-98,35606793;-18,05779339
179,86;95,71;;3,137557778;;-95,70922091;0,386176916
182,49;100,00;;3,183436667;;-99,9124667;-4,183180322
183,11;97,60;;3,194252222;;-97,4647074;-5,137198862
181,44;96,08;;3,16512;;-96,05340936;-2,260298903
176,49;100,00;;3,07877;;-99,8027306;6,27813382
176,17;100,00;;3,073187778;;-99,76612986;6,83515413
179,68;100,00;;3,134417778;;-99,99742607;0,717481425
193,12;100,00;;3,368871111;;-97,42832389;-22,53268081
182,66;92,21;;3,186402222;;-92,11744138;-4,130507727
187,75;97,97;;3,275194444;;-97,09694504;-13,05006373
180,95;92,73;;3,156572222;;-92,71959647;-1,389003452
194,76;100,00;;3,39748;;-96,74390857;-25,31039618
180,24;88,41;;3,144186667;;-88,40970255;-0,229336439
180,53;90,94;;3,149245556;;-90,93733698;-0,695948111
182,40;91,25;;3,181866667;;-91,17600643;-3,6740103
194,98;96,12;;3,401317778;;-92,89619353;-24,68504866
194,71;100,00;;3,396607778;;-96,76594806;-25,22600437
189,50;100,00;;3,305722222;;-98,6560952;-16,33936594
186,57;100,00;;3,25461;;-99,36203346;-11,27769064
178,64;100,00;;3,116275556;;-99,96795394;2,53143936
179,79;100,00;;3,136336667;;-99,99861873;0,525596272
190,67;95,54;;3,326132222;;-93,91781117;-17,53101097
191,83;96,15;;3,346367778;;-94,14111277;-19,55181286
187,76;100,00;;3,275368889;;-99,1065296;-13,33775805
178,07;100,00;;3,106332222;;-99,93784154;3,525312528
179,73;100,00;;3,13529;;-99,99801383;0,630261186
184,14;95,79;;3,21222;;-95,5511884;-6,759770368
193,56;100,00;;3,376546667;;-97,2525048;-23,27982623
189,38;88,79;;3,303628889;;-87,62692448;-14,32432217
182,02;96,09;;3,175237778;;-96,03561846;-3,232350069
185,42;94,53;;3,234548889;;-94,12188367;-8,774503627
177,89;98,92;;3,103192222;;-98,84707559;3,797637182
192,74;100,00;;3,362242222;;-97,57554883;-21,88634894
188,57;95,06;;3,289498889;;-94,02211578;-14,00875954
182,34;100,00;;3,18082;;-99,92307063;-3,921728678
195,53;100,00;;3,410912222;;-96,39521657;-26,6075595
187,42;100,00;;3,269437778;;-99,18389368;-12,74971506
191,71;97,40;;3,344274444;;-95,40624777;-19,60632262
187,68;98,26;;3,273973333;;-97,40027086;-12,96976624
184,26;88,32;;3,214313333;;-88,08657169;-6,417031082
186,05;98,08;;3,245538889;;-97,55060856;-10,1766974
183,29;100,00;;3,197392222;;-99,8443608;-5,577061696
190,22;100,00;;3,318282222;;-98,44309659;-17,57716514
178,40;100,00;;3,112088889;;-99,95647955;2,949948452
187,67;87,63;;3,273798889;;-86,86529482;-11,55151316
188,18;100,00;;3,282695556;;-99,00614916;-14,06351407
184,49;89,27;;3,218325556;;-89,0073208;-6,843226127
187,09;90,97;;3,263681111;;-90,2928609;-11,07881633
184,53;100,00;;3,219023333;;-99,70037424;-7,73533302
193,57;99,43;;3,376721111;;-96,69412617;-23,16399933
188,41;96,25;;3,286707778;;-95,23834173;-13,91836069
187,06;91,43;;3,263157778;;-90,75525167;-11,08734387
176,03;89,45;;3,070745556;;-89,22560518;6,331972792
187,32;91,56;;3,267693333;;-90,83299888;-11,51520359
193,70;98,76;;3,378988889;;-95,99013785;-23,22565467
178,48;100,00;;3,113484444;;-99,96049903;2,810450804
186,22;93,45;;3,248504444;;-92,91643564;-9,971884834
183,89;95,18;;3,207858889;;-94,97109859;-6,30260523
176,67;100,00;;3,08191;;-99,8219519;5,964722811
195,35;93,48;;3,407772222;;-90,18790452;-24,58967829
195,74;87,88;;3,414575556;;-84,62588938;-23,69289442
180,95;91,35;;3,156572222;;-91,33975129;-1,36833242
187,70;99,84;;3,274322222;;-98,96184281;-13,21284483
188,91;100,00;;3,29543;;-98,81903535;-15,32312801
195,17;95,81;;3,404632222;;-92,51452893;-24,91220659
185,22;100,00;;3,23106;;-99,60004659;-8,934803867
190,90;100,00;;3,330144444;;-98,22767124;-18,74365499
194,03;96,74;;3,384745556;;-93,89426666;-23,29150678
193,17;92,22;;3,369743333;;-89,83024165;-20,8579981
194,70;89,90;;3,396433333;;-86,99654206;-22,66300221
189,33;94,61;;3,302756667;;-93,38396473;-15,18180594
183,08;88,41;;3,193728889;;-88,28986976;-4,607276661
188,59;88,90;;3,289847778;;-87,92479577;-13,1316522
182,74;100,00;;3,187797778;;-99,89327331;-4,618868529
182,23;96,66;;3,178901111;;-96,59273626;-3,605398963
179,12;99,85;;3,124648889;;-99,83566732;1,691753955
182,24;91,21;;3,179075556;;-91,14593394;-3,41801499
189,88;91,74;;3,312351111;;-90,40574865;-15,5893621
184,02;88,05;;3,210126667;;-87,84329942;-6,029697105
182,15;94,18;;3,177505556;;-94,11927283;-3,381550113
185,05;100,00;;3,228094444;;-99,62610524;-8,63939554
185,78;100,00;;3,240828889;;-99,50801243;-9,907343854
182,69;88,34;;3,186925556;;-88,24924301;-4,00333704
187,50;92,08;;3,270833333;;-91,31205664;-11,86738019
189,80;91,84;;3,310955556;;-90,52598566;-15,48003616
189,35;98,06;;3,303105556;;-96,78376095;-15,76918567
189,12;94,97;;3,299093333;;-93,79449807;-14,89607436
178,75;91,38;;3,118194444;;-91,35498695;2,137933261
177,13;93,87;;3,089934444;;-93,74477849;4,846999661
190,72;90,69;;3,327004444;;-89,13561147;-16,71881777
182,23;100,00;;3,178901111;;-99,93041202;-3,729980305
182,97;92,29;;3,19181;;-92,17365683;-4,632611255
176,78;99,33;;3,083828889;;-99,16433123;5,734484509
178,51;100,00;;3,114007778;;-99,96195614;2,758137761
187,71;91,52;;3,274496667;;-90,71290836;-12,12759897
186,28;91,66;;3,249551111;;-91,12636863;-9,876261413
186,51;89,93;;3,253563333;;-89,36684307;-10,04849542
177,68;100,00;;3,099528889;;-99,91154503;4,205136147
177,87;97,09;;3,102843333;;-97,01711833;3,761230085
189,57;93,95;;3,306943333;;-92,66858727;-15,46400444
195,70;89,68;;3,413877778;;-86,37608711;-24,11791813
194,27;89,06;;3,388932222;;-86,34965423;-21,80414672
191,16;91,73;;3,33468;;-90,025334;-17,60204928
191,13;100,00;;3,334156667;;-98,1516771;-19,13761431
195,90;89,16;;3,417366667;;-85,79106519;-24,27753557
184,73;94,90;;3,222512222;;-94,58946801;-7,670889196
176,36;100,00;;3,076502222;;-99,78823657;6,504447897
185,56;94,17;;3,236991111;;-93,74181063;-8,970052411
195,28;100,00;;3,406551111;;-96,51033804;-26,18691756
178,02;90,41;;3,10546;;-90,35098819;3,266042429
179,57;91,62;;3,132498889;;-91,6162117;0,833159239
184,56;93,82;;3,219546667;;-93,53508032;-7,306240463
193,57;100,00;;3,376721111;;-97,24844229;-23,29679104
184,56;92,97;;3,219546667;;-92,68766166;-7,240046641
193,85;100,00;;3,381605556;;-97,13349079;-23,77151586
178,45;88,92;;3,112961111;;-88,88355573;2,545568929
186,39;94,99;;3,25147;;-94,41716805;-10,41626027
184,86;95,13;;3,22478;;-94,80103357;-7,904488211
176,44;89,24;;3,077897778;;-89,05903619;5,680288042
177,44;87,73;;3,095342222;;-87,636185;4,056103913
190,74;100,00;;3,327353333;;-98,27960419;-18,46941799
178,79;100,00;;3,118892222;;-99,97423563;2,269848179
180,27;98,75;;3,14471;;-98,74952018;-0,307837459
188,31;100,00;;3,284963333;;-98,97400168;-14,28800166
184,36;100,00;;3,216057778;;-99,72287536;-7,43963244
192,70;100,00;;3,361544444;;-97,59079689;-21,81825756
194,46;89,73;;3,392246667;;-86,92597421;-22,25641274
190,45;100,00;;3,322294444;;-98,37178092;-17,97199818
188,94;95,07;;3,295953333;;-93,93962028;-14,61686153
191,84;89,83;;3,346542222;;-87,94997034;-18,28200256
189,35;95,42;;3,303105556;;-94,17812023;-15,34464304
179,21;93,43;;3,126218889;;-93,418959;1,436314255
178,66;100,00;;3,116624444;;-99,96883105;2,496561498
177,41;91,25;;3,094818889;;-91,1502005;4,266549916
178,62;99,03;;3,115926667;;-98,99738414;2,541423639
178,92;100,00;;3,12116;;-99,97912606;2,043123187
188,12;100,00;;3,281648889;;-99,02081474;-13,95987995
177,37;100,00;;3,094121111;;-99,88734379;4,745371459
192,45;89,36;;3,357183333;;-87,29133421;-19,11629075
190,29;100,00;;3,319503333;;-98,42155953;-17,69736196
177,37;92,85;;3,094121111;;-92,74539871;4,4060774
176,13;100,00;;3,07249;;-99,76133616;6,904767049
177,84;100,00;;3,10232;;-99,92289285;3,926255906
186,78;100,00;;3,258273333;;-99,3200529;-11,6416104
181,84;100,00;;3,172097778;;-99,95347548;-3,050039325
194,16;92,74;;3,387013333;;-89,9610645;-22,53252035
195,65;89,63;;3,413005556;;-86,34892079;-24,02916517
186,29;97,60;;3,249725556;;-97,02995082;-10,5332162
188,47;100,00;;3,287754444;;-98,93373681;-14,56419308
195,76;100,00;;3,414924444;;-96,28768553;-26,99410333
192,67;89,35;;3,361021111;;-87,20756726;-19,44897717
182,71;93,30;;3,187274444;;-93,20266649;-4,260628861
188,91;95,00;;3,29543;;-93,87808359;-14,55697161
179,29;87,71;;3,127614444;;-87,7014313;1,225988799
183,55;99,88;;3,201927778;;-99,6982572;-6,022616602
187,75;97,46;;3,275194444;;-96,59148988;-12,98212934
191,68;91,88;;3,343751111;;-90,00890752;-18,44806134
193,50;100,00;;3,3755;;-97,27681775;-23,17802254
183,52;96,46;;3,201404444;;-96,287511;-5,766005977
184,56;98,76;;3,219546667;;-98,46007815;-7,690943382
192,23;94,46;;3,353345556;;-92,35014168;-19,8530333
184,67;100,00;;3,221465556;;-99,68118553;-7,978800179
182,61;91,26;;3,18553;;-91,17192589;-4,008432236
189,43;100,00;;3,304501111;;-98,67597383;-16,21888373
195,23;91,11;;3,405678889;;-87,9513458;-23,78219653
193,23;97,27;;3,37079;;-94,72629888;-22,09934844
190,16;88,42;;3,317235556;;-87,05960533;-15,45061551
188,45;100,00;;3,287405556;;-98,93881208;-14,52967532
182,84;88,93;;3,189542222;;-88,82778739;-4,26252133
178,06;90,33;;3,106157778;;-90,27329539;3,20016253
188,72;95,79;;3,292115556;;-94,70688343;-14,36420309
182,26;91,99;;3,179424444;;-91,92417777;-3,479316343
190,77;94,76;;3,327876667;;-93,12058099;-17,550356
184,33;89,87;;3,215534444;;-89,62443481;-6,639095131
184,19;100,00;;3,213092222;;-99,74449946;-7,143866433
176,62;91,08;;3,081037778;;-90,91306072;5,511968014
195,59;92,35;;3,411958889;;-88,99521497;-24,66524302
187,44;92,22;;3,269786667;;-91,46327903;-11,78969846
188,46;95,90;;3,28758;;-94,87988864;-13,95051011
187,63;91,08;;3,273101111;;-90,29354406;-11,94329522
181,14;92,00;;3,159886667;;-91,98460557;-1,682955327
193,42;99,53;;3,374104444;;-96,8517166;-22,93394626
188,66;96,21;;3,291068889;;-95,13718276;-14,32761519
190,86;97,53;;3,329446667;;-95,8141803;-18,21383415
181,45;87,79;;3,165294444;;-87,76534205;-2,080585403
183,53;99,35;;3,201578889;;-99,17130564;-5,956058981
195,80;93,44;;3,415622222;;-89,95359121;-25,28606392
193,08;88,97;;3,368173333;;-86,69594724;-19,98683648
182,84;95,28;;3,189542222;;-95,17048895;-4,566884429
183,26;98,27;;3,196868889;;-98,11990809;-5,429229856
190,50;93,69;;3,323166667;;-92,14980004;-16,91834662
193,50;87,66;;3,3755;;-85,27285844;-20,31785456
192,82;100,00;;3,363637778;;-97,54491021;-22,02249968
192,87;88,84;;3,36451;;-86,64180043;-19,64036708
190,32;100,00;;3,320026667;;-98,41228443;-17,74886682
184,81;93,67;;3,223907778;;-93,35283551;-7,701753238
187,48;100,00;;3,270484444;;-99,17049465;-12,85352053
188,34;100,00;;3,285486667;;-98,96651074;-14,3397961
185,54;98,78;;3,236642222;;-98,33412581;-9,374865417
190,71;88,03;;3,32683;;-86,5240324;-16,21334997
191,08;100,00;;3,333284444;;-98,16833202;-19,05199697
180,56;90,94;;3,149768889;;-90,93696031;-0,743538554
193,27;90,96;;3,371487778;;-88,5668696;-20,72754713
193,14;94,51;;3,36922;;-92,07207349;-21,32776085
180,36;96,61;;3,14628;;-96,60893868;-0,452842878
325,75;71,28;;5,682527778;;58,80344586;-40,2863892
326,73;77,54;;5,699623333;;64,70754102;-42,72453318
329,64;63,82;;5,750386667;;54,97383879;-32,4171166
322,29;59,80;;5,62217;;47,20428548;-36,71233351
324,71;69,33;;5,664385556;;56,47450255;-40,21541323
323,49;70,64;;5,643103333;;56,65658601;-42,19053048
332,90;75,97;;5,807255556;;67,52723557;-34,80680042
332,80;76,29;;5,805511111;;67,75059562;-35,0716537
339,29;68,95;;5,918725556;;64,42112034;-24,57685404
327,84;71,10;;5,718986667;;60,08073641;-38,01993046
337,74;63,41;;5,891686667;;58,61228879;-24,19561329
330,60;62,80;;5,767133333;;54,62181392;-30,98866638
331,30;64,77;;5,779344444;;56,72133559;-31,27048112
336,22;69,50;;5,865171111;;63,51583259;-28,21327721
329,59;74,51;;5,749514444;;64,14905054;-37,90302646
341,66;72,61;;5,960068889;;68,85246802;-23,05536267
331,71;62,28;;5,786496667;;54,75441475;-29,67747403
329,18;75,28;;5,742362222;;64,53643086;-38,75728954
322,96;76,41;;5,633857778;;60,85984587;-46,20137725
334,19;70,59;;5,829758889;;63,45698255;-30,92182831
332,60;64,42;;5,802022222;;57,10557505;-29,81425327
334,20;59,08;;5,829933333;;53,1145652;-25,87062742
332,04;62,68;;5,792253333;;55,27710742;-29,55036031
333,50;71,89;;5,817722222;;64,24189694;-32,26686811
325,86;64,98;;5,684446667;;53,67654545;-36,62279165
335,56;61,41;;5,853657778;;55,83167572;-25,57366001
332,63;71,84;;5,802545556;;63,70047896;-33,21497525
333,50;71,22;;5,817722222;;63,64317569;-31,96614754
337,35;62,71;;5,884883333;;57,80111816;-24,32231155
339,20;73,52;;5,917155556;;68,64971883;-26,31361823
333,20;77,06;;5,812488889;;68,67993104;-34,94725558
326,17;70,20;;5,689854444;;58,20162034;-39,25062279
341,06;74,43;;5,949602222;;70,32706109;-24,37066634
342,05;64,94;;5,966872222;;61,71824504;-20,20054033
333,35;64,00;;5,815105556;;57,11592308;-28,87509881
330,92;62,48;;5,772715556;;54,51474278;-30,52692614
323,54;61,40;;5,643975556;;49,27764082;-36,62886997
328,17;63,77;;5,724743333;;54,08216901;-33,78952345
339,09;76,23;;5,915236667;;71,12771164;-27,42009367
341,13;63,44;;5,950823333;;59,96820312;-20,69899066
335,55;59,42;;5,853483333;;54,01812469;-24,75436537
326,68;74,69;;5,698751111;;62,29328161;-41,20853268
331,59;70,55;;5,784403333;;61,95460168;-33,74803448
324,86;64,67;;5,667002222;;52,7765587;-37,37437293
330,75;71,68;;5,76975;;62,43774727;-35,20724522
328,86;66,26;;5,73678;;56,61240551;-34,42997447
336,47;77,51;;5,869532222;;70,97269443;-31,1556856
326,07;69,45;;5,68811;;57,51198157;-38,93166418
333,85;65,91;;5,823827778;;59,07760701;-29,22267014
334,27;63,63;;5,831154444;;57,23912311;-27,79315897
323,07;58,76;;5,635776667;;46,86987753;-35,43941563
329,94;58,58;;5,75562;;50,61518966;-29,49099822
323,91;76,80;;5,65043;;61,93160974;-45,4171302
332,73;76,11;;5,80429;;67,54796792;-35,07141471
332,85;60,44;;5,806383333;;53,69895553;-27,73834484
334,07;64,21;;5,827665556;;57,66266654;-28,24784925
328,56;74,20;;5,731546667;;63,1936826;-38,88699628
328,54;74,30;;5,731197778;;63,26525991;-38,96147955
322,73;75,86;;5,629845556;;60,23725432;-46,11087499
341,26;61,58;;5,953091111;;58,25540761;-19,96005721
325,54;61,87;;5,678864444;;50,91209141;-35,15474147
339,72;64,61;;5,926226667;;60,53723668;-22,57642741
330,75;63,19;;5,76975;;55,04242815;-31,03719065
331,86;74,96;;5,789113333;;65,99547158;-35,54714237
334,44;66,80;;5,83412;;60,17699831;-28,99946335
340,91;66,14;;5,946985556;;62,43716458;-21,81971767
337,04;66,80;;5,879475556;;61,42994894;-26,24121517
326,27;63,51;;5,691598889;;52,71692087;-35,41816419
338,36;70,93;;5,902502222;;65,85219569;-26,35437768
332,91;59,17;;5,80743;;52,59899618;-27,10045205
335,86;67,22;;5,858891111;;61,25957058;-27,6729726
337,37;68,96;;5,885232222;;63,57120149;-26,72422011
330,78;61,87;;5,770273333;;53,908522;-30,36063497
323,26;70,32;;5,639091111;;56,23096657;-42,2253573
333,57;76,88;;5,818943333;;68,74311498;-34,42264579
338,55;75,44;;5,905816667;;70,13184881;-27,79779456
339,17;63,34;;5,916632222;;59,13221373;-22,70103301
333,37;77,01;;5,815454444;;68,73863723;-34,72088496
336,41;71,77;;5,868485556;;65,68658363;-28,91722032
334,28;75,75;;5,831328889;;68,14758405;-33,07520655
333,79;73,11;;5,822781111;;65,49727373;-32,48352249
323,01;64,91;;5,63473;;51,73441732;-39,20278262
341,58;69,05;;5,958673333;;65,446035;-22,01633491
325,98;74,00;;5,68654;;61,21466253;-41,57842099
330,45;73,73;;5,764516667;;64,03302571;-36,549754
329,94;72,62;;5,75562;;62,7462457;-36,55917191
334,26;60,08;;5,83098;;54,04109971;-26,25197025
336,75;63,48;;5,874416667;;58,24994366;-25,23201267
329,63;63,53;;5,750212222;;54,71840589;-32,27935806
334,34;76,89;;5,832375556;;69,20827327;-33,50055241
324,26;68,05;;5,656535556;;55,12027892;-39,90685846
331,07;57,96;;5,775332222;;50,64490147;-28,18608797
341,08;76,17;;5,949951111;;71,97984099;-24,91528429
326,33;66,67;;5,692645556;;55,37878622;-37,12248559
332,87;67,90;;5,806732222;;60,33778901;-31,14098934
332,59;66,89;;5,801847778;;59,28972317;-30,96773848
332,46;63,53;;5,79958;;56,24465316;-29,53980182
339,92;60,44;;5,929715556;;56,70343543;-20,92161586
340,93;61,88;;5,947334444;;58,42277866;-20,39395337
322,65;66,78;;5,62845;;52,9705064;-40,66563478
328,11;67,96;;5,723696667;;57,59790959;-36,06996549
340,24;64,74;;5,935297778;;60,86174887;-22,07068474
336,97;59,09;;5,878254444;;54,31137021;-23,27881367
341,36;73,48;;5,954835556;;69,55439027;-23,69593202
332,15;60,16;;5,794172222;;53,1090613;-28,26045307
340,05;67,74;;5,931983333;;63,60514228;-23,30436601
327,36;70,37;;5,710613333;;59,14670788;-38,12615699
328,72;71,41;;5,734337778;;60,92175176;-37,25490925
341,68;74,37;;5,960417778;;70,52962332;-23,58959801
340,46;65,73;;5,939135556;;61,87798527;-22,17087816
330,40;72,91;;5,763644444;;63,28932313;-36,19847618
336,10;65,36;;5,863077778;;59,676627;-26,65764036
336,09;62,19;;5,862903333;;56,77784847;-25,37463345
341,55;72,11;;5,95815;;68,33428088;-23,02776925
332,72;74,40;;5,804115556;;66,02435365;-34,29496646
334,50;60,43;;5,835166667;;54,46599152;-26,17710197
322,84;70,91;;5,631764444;;56,38927062;-42,99393282
323,79;58,76;;5,648336667;;47,31128799;-34,84795013
336,24;75,20;;5,86552;;68,73569116;-30,50319262
338,41;66,52;;5,903374444;;61,77943716;-24,66194527
340,59;66,71;;5,941403333;;62,85142047;-22,35895894
325,39;66,92;;5,676247778;;54,96799172;-38,16813182
335,70;69,01;;5,8561;;62,81131044;-28,58530008
340,05;66,33;;5,931983333;;62,28120885;-22,81928842
338,52;63,96;;5,905293333;;59,44726905;-23,59880935
333,48;65,80;;5,817373333;;58,78948135;-29,55396559
341,01;69,83;;5,94873;;65,96066717;-22,92202623
327,43;60,06;;5,711834444;;50,52074458;-32,47857705
324,73;70,49;;5,664734444;;57,43367182;-40,8682449
335,75;67,37;;5,856972222;;61,34293715;-27,85248574
329,83;70,02;;5,753701111;;60,43200118;-35,36627819
335,73;73,65;;5,856623333;;67,05048773;-30,47219381
333,47;76,76;;5,817198889;;68,57575656;-34,48859539
332,58;67,34;;5,801673333;;59,68315319;-31,18648466
328,90;68,00;;5,737477778;;58,12369909;-35,29356321
340,98;65,71;;5,948206667;;62,05766287;-21,60209664
326,81;60,35;;5,701018889;;50,40875203;-33,18252881
332,10;63,99;;5,7933;;56,46393327;-30,10887477
340,15;75,17;;5,933727778;;70,62661895;-25,73731911
338,35;69,20;;5,902327778;;64,24155835;-25,72279496
335,67;62,97;;5,855576667;;57,30018357;-26,11340389
340,26;70,89;;5,935646667;;66,65176063;-24,14404493
338,00;57,72;;5,896222222;;53,45214816;-21,78224638
341,40;65,52;;5,955533333;;62,03437508;-21,08569914
322,29;63,30;;5,62217;;49,96707811;-38,86104868
334,59;66,38;;5,836736667;;59,87383996;-28,66055981
327,07;67,64;;5,705554444;;56,66599476;-36,93419334
326,25;60,52;;5,69125;;50,2232721;-33,76822974
324,12;69,01;;5,654093333;;55,79887287;-40,60622966
341,80;61,99;;5,962511111;;58,82994338;-19,53964845
329,35;70,39;;5,745327778;;60,45151154;-36,06059973
334,91;67,75;;5,842318889;;61,2718996;-28,9104967
327,07;58,33;;5,705554444;;48,86646177;-31,85055437
325,89;66,62;;5,68497;;55,05090493;-37,51829243
334,22;73,61;;5,830282222;;66,1886816;-32,21009979
332,14;61,54;;5,793997778;;54,32227723;-28,91819145
339,75;58,29;;5,92675;;54,62627673;-20,3394688
330,35;61,23;;5,762772222;;53,12399615;-30,44591816
339,60;60,91;;5,924133333;;57,02579173;-21,40297123
326,85;74,98;;5,701716667;;62,65755421;-41,18290058
334,85;64,21;;5,841272222;;58,04167596;-27,46066189
326,68;61,70;;5,698751111;;51,4593048;-34,04159146
324,96;61,50;;5,668746667;;50,25147776;-35,45474556
341,19;65,33;;5,95187;;61,77704815;-21,2510052
332,99;60,46;;5,808825556;;53,78433023;-27,61625285
324,83;60,92;;5,666478889;;49,69778825;-35,23316965
329,16;72,38;;5,742013333;;62,03729888;-37,28589476
337,92;69,92;;5,894826667;;64,71318622;-26,4765921
326,82;65,47;;5,701193333;;54,69163081;-35,98814277
336,07;64,01;;5,862554444;;58,43034545;-26,13761333
340,44;70,62;;5,938786667;;66,47309898;-23,84347943
326,98;74,73;;5,703984444;;62,5415616;-40,90386257
324,38;63,26;;5,658628889;;51,31794029;-36,99049343
327,95;60,88;;5,720905556;;51,50703317;-32,45612321
322,66;69,64;;5,628624444;;55,2464814;-42,39759301
335,00;74,98;;5,843888889;;67,86073316;-31,88920342
329,10;75,33;;5,740966667;;64,52510837;-38,87311783
323,11;68,08;;5,636474444;;54,33260764;-41,02260532
329,95;61,69;;5,755794444;;53,30775639;-31,0473704
335,16;61,75;;5,84668;;55,95999044;-26,10635881
337,71;76,82;;5,891163333;;70,99231486;-29,34967855
322,86;59,43;;5,632113333;;47,27267812;-36,01692385
337,48;75,85;;5,887151111;;69,97906617;-29,26008883
332,35;62,01;;5,797661111;;54,84353177;-28,93833311
341,65;70,23;;5,959894444;;66,59174079;-22,31127425
334,86;71,46;;5,841446667;;64,60053606;-30,5499974
337,02;63,59;;5,879126667;;58,46928191;-25,00062344
330,07;57,95;;5,757887778;;50,13687837;-29,0602121
334,57;58,84;;5,836387778;;53,0639977;-25,42356679
326,80;68,74;;5,700844444;;57,41010207;-37,80565804
329,90;75,75;;5,754922222;;65,42405066;-38,18057223
332,90;75,41;;5,807255556;;67,02946998;-34,55022798
338,40;72,68;;5,9032;;67,4957418;-26,95750802
323,86;65,08;;5,649557778;;52,44699949;-38,53204698
325,26;58,59;;5,67398;;48,04983551;-33,52613022
326,29;70,34;;5,691947778;;58,39989261;-39,20673594
327,12;70,64;;5,706426667;;59,21289181;-38,52068332
326,98;71,13;;5,703984444;;59,52872041;-38,93338344
334,48;70,32;;5,834817778;;63,36928786;-30,48336852
337,63;64,92;;5,889767778;;59,9603948;-24,88689326
325,16;75,61;;5,672235556;;61,93242066;-43,37334863
337,96;64,57;;5,895524444;;59,77863749;-24,40900243
340,91;66,06;;5,946985556;;62,36164336;-21,79332551
327,68;59,49;;5,716195556;;50,18109908;-31,951798
336,03;69,78;;5,861856667;;63,67748552;-28,53815407
341,46;73,72;;5,95658;;69,82293351;-23,65156138
326,31;62,17;;5,692296667;;51,62882447;-34,63485793
323,87;64,05;;5,649732222;;51,62355241;-37,91320794
329,81;64,71;;5,753352222;;55,83770506;-32,70374281
341,92;59,70;;5,964604444;;56,69594825;-18,69918319
338,32;75,93;;5,901804444;;70,47454796;-28,26133383
322,36;70,23;;5,623391111;;55,49001499;-43,04777736
337,00;71,54;;5,878777778;;65,76927457;-28,1491407
332,49;66,35;;5,800103333;;58,75740503;-30,82028317
337,54;72,14;;5,888197778;;66,58531833;-27,75923238
340,56;74,28;;5,94088;;69,97052479;-24,93279087
329,72;71,51;;5,751782222;;61,64855041;-36,23722302
334,01;62,96;;5,826618889;;56,51110445;-27,75710132
327,57;73,32;;5,714276667;;61,77132326;-39,49843063
339,21;76,84;;5,91733;;71,7545842;-27,48936605
322,21;59,81;;5,620774444;;47,16089055;-36,78432414
330,85;69,62;;5,771494444;;60,70291861;-34,08958891
331,46;74,44;;5,782135556;;65,28974592;-35,7569948
333,42;63,31;;5,816326667;;56,53497946;-28,49477492
340,91;59,71;;5,946985556;;56,36714692;-19,69844787
337,45;77,18;;5,886627778;;71,19053061;-29,81041347
332,28;72,42;;5,79644;;64,00913579;-33,87457653
325,22;74,99;;5,673282222;;61,46956797;-42,95337371
328,50;59,28;;5,7305;;50,45426759;-31,12049618
328,40;62,22;;5,728755556;;52,89949319;-32,75625162
337,85;60,26;;5,893605556;;55,74464298;-22,88672932
333,01;59,55;;5,809174444;;52,98429433;-27,1821091
327,20;69,86;;5,707822222;;58,61217595;-38,01358218
330,67;66,52;;5,768354444;;57,89741257;-32,75362602
325,81;59,25;;5,683574444;;48,91415009;-33,43603476
322,69;67,55;;5,629147778;;53,60996715;-41,09712791
338,84;59,07;;5,910875556;;55,02309171;-21,48777045
332,37;61,94;;5,79801;;54,79170317;-28,88655161
331,34;61,66;;5,780042222;;54,01855971;-29,73131021
330,53;68,52;;5,765912222;;59,55559016;-33,88395019
337,38;69,98;;5,885406667;;64,51622465;-27,10824887
339,56;76,66;;5,923435556;;71,7526063;-26,98738759
339,92;60,62;;5,929715556;;56,87230734;-20,98392379
325,77;67,76;;5,682876667;;55,91292996;-38,27743282
322,85;63,39;;5,631938889;;50,41589675;-38,42563539
328,81;74,87;;5,735907778;;63,93481435;-38,95967677
329,43;58,05;;5,746723333;;49,8952716;-29,6692496
332,48;68,27;;5,799928889;;60,45216174;-31,72268969
327,20;60,65;;5,707822222;;50,88503395;-33,00205782
336,69;69,96;;5,87337;;64,16692214;-27,87485789
334,16;77,14;;5,829235556;;69,32742104;-33,82733055
337,54;58,48;;5,888197778;;53,97711971;-22,50290976
331,06;62,64;;5,775157778;;54,72892658;-30,47153089
327,95;67,31;;5,720905556;;56,94708283;-35,88406132
335,99;60,64;;5,861158889;;55,31949327;-24,83874523
339,39;64,35;;5,92047;;60,16318578;-22,83229241
332,17;75,27;;5,794521111;;66,46045453;-35,33526402
322,58;64,48;;5,627228889;;51,09814026;-39,32747719
324,88;60,76;;5,667351111;;49,59789379;-35,09738639
340,89;58,65;;5,946636667;;55,35973688;-19,36806734
332,27;62,53;;5,796265556;;55,26265805;-29,25815314
329,28;60,36;;5,744106667;;51,79986681;-30,98553532
338,61;58,94;;5,906863333;;54,81553241;-21,66058647
340,30;59,79;;5,936344444;;56,22958232;-20,32432465
335,48;76,73;;5,852262222;;69,71538601;-32,05086354
337,03;61,44;;5,879301111;;56,49662808;-24,14548852
326,02;68,50;;5,687237778;;56,69176646;-38,44858405
330,40;65,03;;5,763644444;;56,449111;-32,28620088
331,91;72,51;;5,789985556;;63,86843646;-34,32962168
326,47;61,19;;5,695087778;;50,9099353;-33,94693783
340,76;58,72;;5,944368889;;55,38169251;-19,51682698
338,40;66,46;;5,9032;;61,71941387;-24,65046757
325,79;71,57;;5,683225556;;59,07089641;-40,40908435
327,79;67,20;;5,718114444;;56,75380417;-35,98396466
333,59;63,31;;5,819292222;;56,61923357;-28,32699224
326,49;75,49;;5,695436667;;62,82210922;-41,85836467
336,44;63,96;;5,869008889;;58,55205855;-25,73981428
322,48;61,00;;5,625484444;;48,27538671;-37,28923488
326,56;71,60;;5,696657778;;59,63332107;-39,62861362
325,55;59,37;;5,679038889;;48,86075498;-33,72571011
326,37;58,44;;5,693343333;;48,5653107;-32,506064
340,32;72,31;;5,936693333;;68,01260403;-24,55650205
323,57;68,62;;5,644498889;;55,09359339;-40,90721656
340,42;58,67;;5,938437778;;55,21790457;-19,82805879
322,68;60,20;;5,628973333;;47,77036846;-36,63375353
338,52;66,78;;5,905293333;;62,06830249;-24,63928219
334,65;66,18;;5,837783333;;59,7233177;-28,51171203
326,09;73,22;;5,688458889;;60,64825873;-41,02386029
336,61;69,75;;5,871974444;;63,93546489;-27,88043812
339,65;73,65;;5,925005556;;68,97591319;-25,81948683
328,68;71,66;;5,73364;;61,1089318;-37,4279849
338,62;63,48;;5,907037778;;59,04190377;-23,31874781
329,48;59,86;;5,747595556;;51,47767251;-30,54944897
322,37;67,09;;5,623565556;;53,01621612;-41,11385324
338,73;59,91;;5,908956667;;55,76362128;-21,90037994
330,80;63,40;;5,770622222;;55,25249152;-31,09215626
341,18;69,97;;5,951695556;;66,16073176;-22,77187899
341,04;68,53;;5,949253333;;64,74446482;-22,46141525
331,60;58,88;;5,784577778;;51,7113186;-28,15659654
335,40;77,50;;5,850866667;;70,36974686;-32,47073647
325,89;74,26;;5,68497;;61,36415791;-41,82090056
326,11;70,36;;5,688807778;;58,29306571;-39,40111788
331,56;62,22;;5,78388;;54,62389641;-29,79191738
330,99;74,29;;5,773936667;;64,86342049;-36,21796215
330,29;64,41;;5,761725556;;55,84945586;-32,08561017
328,47;72,63;;5,729976667;;61,79672861;-38,16125303
332,77;61,28;;5,804987778;;54,40596655;-28,19980858
324,78;67,98;;5,665606667;;55,42293592;-39,36468689
325,84;60,59;;5,684097778;;50,03828124;-34,16604323
334,98;66,97;;5,84354;;60,60133275;-28,50367291
329,07;64,96;;5,740443333;;55,62496941;-33,55092216
329,65;65,62;;5,750561111;;56,53015241;-33,32155862
324,56;62,08;;5,661768889;;50,47443278;-36,14219191
335,88;68,60;;5,85924;;62,52705452;-28,2192745
327,45;72,03;;5,712183333;;60,60315039;-38,93043877
326,15;58,14;;5,689505556;;48,19153597;-32,52438255
337,51;70,21;;5,887674444;;64,78977815;-27,05048515
333,37;58,95;;5,815454444;;52,61839585;-26,57831669
323,95;75,33;;5,651127778;;60,7772697;-44,50541975
341,89;60,60;;5,964081111;;57,54071972;-19,01119601
333,83;68,50;;5,823478889;;61,38852139;-30,39242409
325,39;76,04;;5,676247778;;62,4591466;-43,36976604
333,29;64,11;;5,814058889;;57,18378519;-28,98459611
327,57;70,38;;5,714276667;;59,29440441;-37,91461467
337,40;65,44;;5,885755556;;60,3395313;-25,32853257
322,32;61,54;;5,622693333;;48,59755327;-37,75512436
341,87;58,22;;5,963732222;;55,27449401;-18,28383744
329,39;73,70;;5,746025556;;63,32049689;-37,712129
333,39;58,20;;5,815803333;;51,95810235;-26,22204416
338,49;65,81;;5,90477;;61,1540257;-24,31339632
326,56;71,38;;5,696657778;;59,4500902;-39,50684973
325,11;63,68;;5,671363333;;52,12863321;-36,57523752
338,34;70,02;;5,902153333;;64,99826089;-26,03894163
330,57;60,05;;5,76661;;52,21442073;-29,6590082
323,28;58,17;;5,63944;;46,5274756;-34,91336298
339,32;57,87;;5,919248889;;54,07968152;-20,59914917
336,56;68,80;;5,871102222;;63,04064856;-27,55570048
336,19;74,83;;5,864647778;;68,37099627;-30,41275669
334,42;72,56;;5,833771111;;65,35491915;-31,5228194
328,23;75,84;;5,72579;;64,36054;-40,11765809
330,44;59,11;;5,764342222;;51,33073665;-29,31121928
336,02;71,54;;5,861682222;;65,27846225;-29,26933491
337,04;64,06;;5,879475556;;58,9102175;-25,16485394
337,84;74,11;;5,893431111;;68,55193407;-28,15891396
341,85;61,35;;5,963383333;;58,2394134;-19,28712595
336,19;71,87;;5,864647778;;65,66649073;-29,20973972
324,11;67,98;;5,653918889;;54,95907522;-40,00975444
328,84;60,48;;5,736431111;;51,66301807;-31,44460151
324,93;66,24;;5,668223333;;54,10452636;-38,21567516
325,59;70,63;;5,679736667;;58,15557392;-40,08149351
334,45;61,70;;5,834294444;;55,58731837;-26,77573597
342,05;66,42;;5,966872222;;63,12482038;-20,66091606
329,92;76,85;;5,755271111;;66,38761305;-38,71185004
335,84;59,03;;5,858542222;;53,78730004;-24,3200998
337,79;73,38;;5,892558889;;67,85233754;-27,94073533
324,82;72,52;;5,666304444;;59,15360841;-41,95236599
323,09;75,04;;5,636125556;;59,87139588;-45,23734691
332,02;60,52;;5,791904444;;53,36225892;-28,55065188
325,78;58,15;;5,683051111;;47,98885939;-32,84040004
326,11;71,64;;5,688807778;;59,35354217;-40,11790911
337,25;65,21;;5,883138889;;60,06120861;-25,39675807
327,26;75,26;;5,708868889;;63,18557624;-40,8858234
336,34;71,47;;5,867264444;;65,37680013;-28,87619962
324,24;57,94;;5,656186667;;46,91935436;-33,99437875
336,31;60,00;;5,866741111;;54,87198486;-24,27066701
326,48;75,43;;5,695262222;;62,76488064;-41,83604496
330,92;63,62;;5,772715556;;55,50940998;-31,08391551
334,69;73,92;;5,838481111;;66,73038978;-31,79970879
340,99;74,47;;5,948381111;;70,33502836;-24,46966867
322,44;69,52;;5,624786667;;54,98844565;-42,53588186
324,18;63,42;;5,65514;;51,31804091;-37,26332079
330,49;72,89;;5,765214444;;63,3287002;-36,08916501
330,10;76,46;;5,758411111;;66,17132032;-38,30780557
322,74;63,54;;5,63002;;50,46119408;-38,61346257
341,16;73,37;;5,951346667;;69,3672957;-23,90261884
332,40;69,86;;5,798533333;;61,81472318;-32,54780482
337,91;65,13;;5,894652222;;60,27558551;-24,67327889
339,39;76,16;;5,92047;;71,20478988;-27,02264786
334,13;64,87;;5,828712222;;58,28520606;-28,4772129
325,06;70,57;;5,670491111;;57,73343186;-40,58294895
335,09;63,16;;5,845458889;;57,20513196;-26,77234538
336,16;66,87;;5,864124444;;61,08383791;-27,2095874
327,54;73,46;;5,713753333;;61,86855299;-39,60623374
333,62;66,52;;5,819815556;;59,50556033;-29,73211546
331,31;69,78;;5,779518889;;61,11464234;-33,67861179
328,13;59,19;;5,724045556;;50,17605845;-31,39775881
339,13;77,45;;5,915934444;;72,28547536;-27,80849785
339,14;67,09;;5,916108889;;62,62050257;-24,07780634
324,20;59,41;;5,655488889;;48,0854147;-34,89041406
336,67;70,71;;5,873021111;;64,84498453;-28,19631325
328,24;72,38;;5,725964444;;61,43093818;-38,27668003
334,25;58,97;;5,830805556;;53,03817489;-25,7762081
339,40;61,28;;5,920644444;;57,29672175;-21,73301812
324,20;63,69;;5,655488889;;51,54957183;-37,40398033
334,80;59,04;;5,8404;;53,34628767;-25,29614975
332,26;64,99;;5,796091111;;57,43144711;-30,41922061
341,31;75,88;;5,953963333;;71,8048017;-24,53252641
328,97;62,53;;5,738698889;;53,48775106;-32,38921714
323,48;58,19;;5,642928889;;46,66503988;-34,76276965
338,19;66,48;;5,899536667;;61,64724316;-24,88388657
329,79;66,87;;5,753003333;;57,68975622;-33,81551311
341,15;61,28;;5,951172222;;57,93338282;-19,974022
336,16;74,80;;5,864124444;;68,32766675;-30,43632626
330,18;61,73;;5,759806667;;53,46654135;-30,85323089
336,06;64,97;;5,86238;;59,30203486;-26,53996159
340,86;77,51;;5,946113333;;73,14828611;-25,63451461
328,36;61,98;;5,728057778;;52,67266376;-32,66666333
339,17;61,92;;5,916632222;;57,8065468;-22,19210552
332,90;75,70;;5,807255556;;67,28724145;-34,68309586
339,25;59,74;;5,918027778;;55,80119362;-21,33294145
339,86;60,59;;5,928668889;;56,82217859;-21,03302452
335,77;75,87;;5,857321111;;69,09344841;-31,34249969
339,65;68,24;;5,925005556;;63,90925072;-23,92290267
331,22;68,05;;5,777948889;;59,5478377;-32,93717543
341,58;66,55;;5,958673333;;63,07651889;-21,21921924
334,94;67,61;;5,842842222;;61,16037627;-28,81875213
325,18;65,36;;5,672584444;;53,5496869;-37,47479997
323,98;73,54;;5,651651111;;59,35580293;-43,41682
325,65;75,34;;5,680783333;;62,07842559;-42,6893977
341,12;72,59;;5,950648889;;68,61333053;-23,69639158
337,49;76,32;;5,887325556;;70,41782209;-29,42911368
324,07;60,48;;5,653221111;;48,87077942;-35,62972522
338,70;58,94;;5,908433333;;54,84947196;-21,57449942
338,95;57,65;;5,912794444;;53,740519;-20,86813641
325,61;64,27;;5,680085556;;52,93157665;-36,45382138
338,43;61,08;;5,903723333;;56,73501716;-22,62530062
322,64;68,63;;5,628275556;;54,43065206;-41,80168676
331,44;67,66;;5,781786667;;59,33180907;-32,5209476
327,73;63,01;;5,717067778;;53,1797929;-33,79600164
328,21;74,40;;5,725441111;;63,12476974;-39,37795633
341,20;73,68;;5,952044444;;69,67711586;-23,95499793
338,30;66,71;;5,901455556;;61,90832403;-24,85122766
338,61;65,23;;5,906863333;;60,66537461;-23,97217603
325,47;58,24;;5,677643333;;47,88456241;-33,15066037
328,88;70,62;;5,737128889;;60,35037939;-36,67446125
325,86;62,27;;5,684446667;;51,43795761;-35,095433
326,11;74,60;;5,688807778;;61,805894;-41,77548883
330,10;68,02;;5,758411111;;58,86703123;-34,07921704
338,59;65,19;;5,906514444;;60,61981152;-23,97862698
322,90;66,78;;5,632811111;;53,14734946;-40,43423853
332,52;62,73;;5,800626667;;55,56689227;-29,10967851
341,45;73,52;;5,956405556;;69,62939038;-23,59954227
341,41;72,05;;5,955707778;;68,22102681;-23,17528857
331,43;59,72;;5,781612222;;52,36412631;-28,71370188
334,74;68,70;;5,839353333;;62,04385181;-29,50000767
326,18;77,03;;5,690028889;;63,87176888;-43,05830977
326,39;61,52;;5,693692222;;51,13681436;-34,2014125
333,71;57,85;;5,821385556;;51,79033112;-25,77564942
330,83;59,78;;5,771145556;;52,11303162;-29,28959432
324,28;64,37;;5,656884444;;52,15265783;-37,73058681
324,40;74,03;;5,658977778;;60,06990655;-43,26716107
330,27;67,59;;5,761376667;;58,59506084;-33,69016096
331,62;68,79;;5,784926667;;60,42624236;-32,87450889
331,09;60,15;;5,775681111;;52,568705;-29,2327514
337,20;76,89;;5,882266667;;70,79284367;-30,00742217
328,11;76,94;;5,723696667;;65,20869871;-40,83612632
336,07;67,51;;5,862554444;;61,62525576;-27,56679075
334,87;65,17;;5,841621111;;58,91917408;-27,85067011
337,78;70,80;;5,892384444;;65,46198335;-26,9697745
327,45;66,73;;5,712183333;;56,14394315;-36,06591947
323,35;61,46;;5,640661111;;49,20400117;-36,82794957
323,68;67,84;;5,646417778;;54,54485117;-40,33763516
337,68;73,26;;5,89064;;67,68772488;-28,02497994
339,51;71,00;;5,922563333;;66,43310515;-25,05279506
341,84;60,73;;5,963208889;;57,64751742;-19,1022678
327,31;71,01;;5,709741111;;59,65105483;-38,5249498
330,70;71,15;;5,768877778;;61,94557918;-35,00096741
322,14;65,87;;5,619553333;;51,88976448;-40,57473651
326,60;61,04;;5,697355556;;50,86180039;-33,74846457
328,32;74,36;;5,72736;;63,16623679;-39,23564871
338,10;59,51;;5,897966667;;55,1488869;-22,36158254
332,95;58,48;;5,808127778;;52,00429964;-26,74814421
332,79;67,47;;5,805336667;;59,91243717;-31,02741969
339,25;73,80;;5,918027778;;68,93418294;-26,35371742
322,59;76,41;;5,627403333;;60,56037602;-46,59322865
336,03;68,86;;5,861856667;;62,83794286;-28,16189867
326,95;57,83;;5,703461111;;48,38137404;-31,6788817
336,12;73,49;;5,863426667;;67,11013692;-29,9501189
326,51;75,49;;5,695785556;;62,83670932;-41,83644419
341,82;69,54;;5,96286;;66,0027114;-21,89643094
336,07;76,07;;5,862554444;;69,43909356;-31,06215038
337,66;59,70;;5,890291111;;55,15114942;-22,85696213
331,75;67,78;;5,787194444;;59,61234643;-32,2567288
327,55;60,24;;5,713927778;;50,74023658;-32,46977044
327,02;63,97;;5,704682222;;53,56093323;-34,97695429
325,71;69,86;;5,68183;;57,60443178;-39,52403117
340,44;64,34;;5,938786667;;60,561869;-21,72315869
330,93;67,78;;5,77289;;59,14484883;-33,10612114
331,76;66,14;;5,787368889;;58,17546036;-31,46609941
323,40;64,98;;5,641533333;;52,05600516;-38,89180797
340,77;58,48;;5,944543333;;55,15872666;-19,42743609
340,49;64,12;;5,939658889;;60,37364737;-21,59622892
329,39;58,82;;5,746025556;;50,53611434;-30,09806551
337,22;62,87;;5,882615556;;57,89314622;-24,51571987
334,53;68,33;;5,83569;;61,60179989;-29,56699427
333,68;64,20;;5,820862222;;57,46020384;-28,63503055
327,29;66,80;;5,709392222;;56,10184997;-36,26048028
330,25;66,09;;5,761027778;;57,28318546;-32,96247509
322,96;62,01;;5,633857778;;49,3903814;-37,49440392
326,30;69,47;;5,692122222;;57,68432771;-38,71174547
